<?xml version="1.0" encoding="utf-8"?>
<!--/710843/1203394/2.50/2/4/Crystal or Oscillator/-->
<quadcept_library>
  <setting unit="mil" />
  <textstyle name="Default" height="47.244094488189" strokewidth="7.8740157480315" charwidth="47.244094488189" />
  <textstyle name="Dimension" height="19.6850393700787" strokewidth="0" charwidth="19.6850393700787" />
  <textstyle name="H127W0635TH00762" height="50" strokewidth="3" charwidth="25" />
  <textstyle name="H15W15TH02" height="59.0551181102362" strokewidth="7.8740157480315" charwidth="59.0551181102362" />
  <padstyle name="r125_100" surface="True" plated="False" isvia="False" nopaste="False" nomask="True" complex="False" holesize="0">
    <padshape layer="TOP" shape="rectangle" width="39.370078740157" height="49.212598425196" />
    <padshape layer="TOP_SOLDER_MASK" shape="rectangle" width="47.244094488188" height="57.086614173228" />
    <padshape layer="TOP_SOLDER_PASTE" shape="rectangle" width="39.370078740157" height="49.212598425196" />
  </padstyle>
  <footprint name="NX2012SA32768KSTDMUB1" originx="0" originy="0" pickpointx="0" pickpointy="0">
    <pcbpin number="1" name="1" style="r125_100" originx="-29.527559055118" originy="0" rotation="0" />
    <pcbpin number="2" name="2" style="r125_100" originx="29.527559055118" originy="0" rotation="0" />
    <line layer="TOP_ASSEMBLY" originx="-40.354330708661" originy="23.622047244094" endx="40.354330708661" endy="23.622047244094" width="7.8740157480314" />
    <line layer="TOP_ASSEMBLY" originx="40.354330708661" originy="23.622047244094" endx="40.354330708661" endy="-23.622047244094" width="7.8740157480314" />
    <line layer="TOP_ASSEMBLY" originx="40.354330708661" originy="-23.622047244094" endx="-40.354330708661" endy="-23.622047244094" width="7.8740157480314" />
    <line layer="TOP_ASSEMBLY" originx="-40.354330708661" originy="-23.622047244094" endx="-40.354330708661" endy="23.622047244094" width="7.8740157480314" />
    <line layer="TOP_PLACE_BOUND" originx="-88.582677165353" originy="63.976377952755" endx="88.582677165353" endy="63.976377952755" width="3.9370078740157" />
    <line layer="TOP_PLACE_BOUND" originx="88.582677165353" originy="63.976377952755" endx="88.582677165353" endy="-63.976377952755" width="3.9370078740157" />
    <line layer="TOP_PLACE_BOUND" originx="88.582677165353" originy="-63.976377952755" endx="-88.582677165353" endy="-63.976377952755" width="3.9370078740157" />
    <line layer="TOP_PLACE_BOUND" originx="-88.582677165353" originy="-63.976377952755" endx="-88.582677165353" endy="63.976377952755" width="3.9370078740157" />
    <line layer="TOP_SILKSCREEN" originx="0" originy="23.622047244094" endx="0" endy="-23.622047244094" width="3.9370078740157" />
    <line layer="TOP_SILKSCREEN" originx="0" originy="-23.622047244094" endx="0" endy="23.622047244094" width="3.9370078740157" />
  </footprint>
  <symbol name="NX2012SA-32.768K-STD-MUB-1" originx="0" originy="0">
    <line originx="120" originy="100" endx="120" endy="-100" width="0" />
    <line originx="280" originy="100" endx="280" endy="-100" width="0" />
    <line originx="160" originy="140" endx="160" endy="-140" width="0" />
    <line originx="240" originy="-140" endx="160" endy="-140" width="0" />
    <line originx="240" originy="-140" endx="240" endy="140" width="0" />
    <line originx="160" originy="140" endx="240" endy="140" width="0" />
    <line originx="280" originy="0" endx="300" endy="0" width="0" />
    <line originx="120" originy="0" endx="100" endy="0" width="0" />
    <sympin number="2" originx="100" originy="0" rotation="180" length="100" width="7.8740157480315" flipped="False">
      <text name="pinname" originx="140" originy="10" style="Default" rotation="0" justify="left" flipped="False" hidden="True" data="CRYSTAL_2" />
      <text name="pindes" originx="60" originy="10" style="Default" rotation="0" justify="lowerright" flipped="False" hidden="False" data="2" />
    </sympin>
    <sympin number="2" originx="300" originy="0" rotation="0" length="100" width="7.8740157480315" flipped="False">
      <text name="pinname" originx="260" originy="10" style="Default" rotation="0" justify="right" flipped="False" hidden="True" data="" />
      <text name="pindes" originx="340" originy="10" style="Default" rotation="0" justify="lowerleft" flipped="False" hidden="False" data="" />
    </sympin>
  </symbol>
  <component name="NX2012SA-32.768K-STD-MUB-1" designatorprefix="Y" height="23.622047244094" footprint="NX2012SA32768KSTDMUB1">
    <comppin designator="1" sympin="1" pinswap="0" gateswap="0" gate="1" group="1" side="" type="Any" name="CRYSTAL_1" />
    <comppin designator="2" sympin="2" pinswap="0" gateswap="0" gate="1" group="1" side="" type="Any" name="CRYSTAL_2" />
    <attached_symbol gate="1" name="NX2012SA-32.768K-STD-MUB-1" />
    <pinmap designator="1" footprintpin="1" />
    <pinmap designator="2" footprintpin="2" />
    <text name="Datasheet" originx="0" originy="0" style="Default" rotation="0" justify="" flipped="False" hidden="True" data="https://www.mouser.de/datasheet/2/905/c_NX2012SA-STD-MUB-1_e-1317508.pdf" />
    <text name="Description" originx="0" originy="0" style="Default" rotation="0" justify="" flipped="False" hidden="True" data="NDK 32.76kHz Crystal Unit +/-20ppm SMD 2-Pin 2.05 x 1.2 x 0.55mm" />
    <text name="Mouser Part Number" originx="0" originy="0" style="Default" rotation="0" justify="" flipped="False" hidden="True" data="344-NX2012SA32768K1" />
    <text name="Mouser Price/Stock" originx="0" originy="0" style="Default" rotation="0" justify="" flipped="False" hidden="True" data="https://www.mouser.co.uk/ProductDetail/NDK/NX2012SA-32.768K-STD-MUB-1?qs=55YtniHzbhA%252B6%2Fl1MwFZaQ%3D%3D" />
    <text name="Manufacturer_Name" originx="0" originy="0" style="Default" rotation="0" justify="" flipped="False" hidden="True" data="NDK" />
    <text name="Manufacturer_Part_Number" originx="350" originy="150" style="Default" rotation="0" justify="left" flipped="False" hidden="False" data="NX2012SA-32.768K-STD-MUB-1" />
  </component>
</quadcept_library>
