<?xml version="1.0" encoding="utf-8"?>
<!--/12715946/1203394/2.50/4/4/Connector/-->
<quadcept_library>
  <setting unit="mil" />
  <textstyle name="Default" height="47.244094488189" strokewidth="7.8740157480315" charwidth="47.244094488189" />
  <textstyle name="Dimension" height="19.6850393700787" strokewidth="0" charwidth="19.6850393700787" />
  <textstyle name="H127W0635TH00762" height="50" strokewidth="3" charwidth="25" />
  <textstyle name="H15W15TH02" height="59.0551181102362" strokewidth="7.8740157480315" charwidth="59.0551181102362" />
  <padstyle name="c90_h55" surface="False" plated="True" isvia="False" nopaste="True" nomask="True" complex="False" holesize="21.653543307086">
    <padshape layer="TOP" shape="round" width="35.433070866141" height="35.433070866141" />
    <padshape layer="TOP_SOLDER_MASK" shape="round" width="43.307086614173" height="43.307086614173" />
    <padshape layer="INNER" shape="round" width="35.433070866141" height="35.433070866141" />
    <padshape layer="BOTTOM" shape="round" width="35.433070866141" height="35.433070866141" />
    <padshape layer="BOTTOM_SOLDER_MASK" shape="round" width="43.307086614173" height="43.307086614173" />
  </padstyle>
  <footprint name="530480410" originx="0" originy="0" pickpointx="0" pickpointy="0">
    <pcbpin number="1" name="1" style="c90_h55" originx="0" originy="0" rotation="90" />
    <pcbpin number="2" name="2" style="c90_h55" originx="-49.212598425196" originy="0" rotation="90" />
    <pcbpin number="3" name="3" style="c90_h55" originx="-98.425196850392" originy="0" rotation="90" />
    <pcbpin number="4" name="4" style="c90_h55" originx="-147.63779527559" originy="0" rotation="90" />
    <line layer="TOP_ASSEMBLY" originx="-206.69291338582" originy="175.1968503937" endx="59.055118110235" endy="175.1968503937" width="7.8740157480314" />
    <line layer="TOP_ASSEMBLY" originx="59.055118110235" originy="175.1968503937" endx="59.055118110235" endy="-41.338582677165" width="7.8740157480314" />
    <line layer="TOP_ASSEMBLY" originx="59.055118110235" originy="-41.338582677165" endx="-206.69291338582" endy="-41.338582677165" width="7.8740157480314" />
    <line layer="TOP_ASSEMBLY" originx="-206.69291338582" originy="-41.338582677165" endx="-206.69291338582" endy="175.1968503937" width="7.8740157480314" />
    <line layer="TOP_SILKSCREEN" originx="-206.69291338582" originy="175.1968503937" endx="59.055118110235" endy="175.1968503937" width="3.9370078740157" />
    <line layer="TOP_SILKSCREEN" originx="59.055118110235" originy="175.1968503937" endx="59.055118110235" endy="-41.338582677165" width="3.9370078740157" />
    <line layer="TOP_SILKSCREEN" originx="59.055118110235" originy="-41.338582677165" endx="-206.69291338582" endy="-41.338582677165" width="3.9370078740157" />
    <line layer="TOP_SILKSCREEN" originx="-206.69291338582" originy="-41.338582677165" endx="-206.69291338582" endy="175.1968503937" width="3.9370078740157" />
    <line layer="TOP_PLACE_BOUND" originx="-246.06299212598" originy="214.56692913386" endx="98.425196850392" endy="214.56692913386" width="3.9370078740157" />
    <line layer="TOP_PLACE_BOUND" originx="98.425196850392" originy="214.56692913386" endx="98.425196850392" endy="-114.17322834646" width="3.9370078740157" />
    <line layer="TOP_PLACE_BOUND" originx="98.425196850392" originy="-114.17322834646" endx="-246.06299212598" endy="-114.17322834646" width="3.9370078740157" />
    <line layer="TOP_PLACE_BOUND" originx="-246.06299212598" originy="-114.17322834646" endx="-246.06299212598" endy="214.56692913386" width="3.9370078740157" />
    <line layer="TOP_SILKSCREEN" originx="-2.9527559055118" originy="-70.866141732283" endx="-2.9527559055118" endy="-70.866141732283" width="7.8740157480314" />
    <arc layer="TOP_SILKSCREEN" originx="0.98425196850392" originy="-70.866141732283" startangle="180.0" sweepangle="180.0" radius="3.9370078740157" width="7.8740157480314" />
    <line layer="TOP_SILKSCREEN" originx="4.9212598425196" originy="-70.866141732283" endx="4.9212598425196" endy="-70.866141732283" width="7.8740157480314" />
    <arc layer="TOP_SILKSCREEN" originx="0.98425196850392" originy="-70.866141732283" startangle=".0" sweepangle="180.0" radius="3.9370078740157" width="7.8740157480314" />
  </footprint>
  <symbol name="53048-0410" originx="0" originy="0">
    <line originx="200" originy="100" endx="600" endy="100" width="0" />
    <line originx="600" originy="-400" endx="600" endy="100" width="0" />
    <line originx="600" originy="-400" endx="200" endy="-400" width="0" />
    <line originx="200" originy="100" endx="200" endy="-400" width="0" />
    <sympin number="1" originx="200" originy="-300" rotation="180" length="100" width="7.8740157480315" flipped="False">
      <text name="pinname" originx="230" originy="-300" style="Default" rotation="0" justify="left" flipped="False" hidden="False" data="1" />
      <text name="pindes" originx="140" originy="-280" style="Default" rotation="0" justify="lowerright" flipped="False" hidden="False" data="1" />
    </sympin>
    <sympin number="2" originx="200" originy="-200" rotation="180" length="100" width="7.8740157480315" flipped="False">
      <text name="pinname" originx="230" originy="-200" style="Default" rotation="0" justify="left" flipped="False" hidden="False" data="2" />
      <text name="pindes" originx="140" originy="-180" style="Default" rotation="0" justify="lowerright" flipped="False" hidden="False" data="2" />
    </sympin>
    <sympin number="3" originx="200" originy="-100" rotation="180" length="100" width="7.8740157480315" flipped="False">
      <text name="pinname" originx="230" originy="-100" style="Default" rotation="0" justify="left" flipped="False" hidden="False" data="3" />
      <text name="pindes" originx="140" originy="-80" style="Default" rotation="0" justify="lowerright" flipped="False" hidden="False" data="3" />
    </sympin>
    <sympin number="4" originx="200" originy="0" rotation="180" length="100" width="7.8740157480315" flipped="False">
      <text name="pinname" originx="230" originy="0" style="Default" rotation="0" justify="left" flipped="False" hidden="False" data="4" />
      <text name="pindes" originx="140" originy="20" style="Default" rotation="0" justify="lowerright" flipped="False" hidden="False" data="4" />
    </sympin>
  </symbol>
  <component name="53048-0410" designatorprefix="J" height="145.66929133858" footprint="530480410">
    <comppin designator="1" sympin="1" pinswap="0" gateswap="0" gate="1" group="1" side="" type="Any" name="1" />
    <comppin designator="2" sympin="2" pinswap="0" gateswap="0" gate="1" group="1" side="" type="Any" name="2" />
    <comppin designator="3" sympin="3" pinswap="0" gateswap="0" gate="1" group="1" side="" type="Any" name="3" />
    <comppin designator="4" sympin="4" pinswap="0" gateswap="0" gate="1" group="1" side="" type="Any" name="4" />
    <attached_symbol gate="1" name="53048-0410" />
    <pinmap designator="1" footprintpin="1" />
    <pinmap designator="2" footprintpin="2" />
    <pinmap designator="3" footprintpin="3" />
    <pinmap designator="4" footprintpin="4" />
    <text name="Datasheet" originx="0" originy="0" style="Default" rotation="0" justify="" flipped="False" hidden="True" data="https://www.molex.com/pdm_docs/sd/530480410_sd.pdf" />
    <text name="Description" originx="0" originy="0" style="Default" rotation="0" justify="" flipped="False" hidden="True" data="Headers &amp; Wire Housings RIGHT ANGLE HDR 4P" />
    <text name="Mouser Part Number" originx="0" originy="0" style="Default" rotation="0" justify="" flipped="False" hidden="True" data="538-53048-0410" />
    <text name="Mouser Price/Stock" originx="0" originy="0" style="Default" rotation="0" justify="" flipped="False" hidden="True" data="https://www.mouser.co.uk/ProductDetail/Molex/53048-0410?qs=359VwiUTsp2msj5Tobchuw%3D%3D" />
    <text name="Manufacturer_Name" originx="0" originy="0" style="Default" rotation="0" justify="" flipped="False" hidden="True" data="Molex" />
    <text name="Manufacturer_Part_Number" originx="650" originy="200" style="Default" rotation="0" justify="left" flipped="False" hidden="False" data="53048-0410" />
  </component>
</quadcept_library>
